Redirect 301 /wordpress/index.php/2018/10/03/post-5/ https://blog.mikuta0407.net/posts/2018/20181003-hello/
Redirect 301 /wordpress/index.php/2018/10/03/post-7/ https://blog.mikuta0407.net/posts/2018/20181003-geocities/
Redirect 301 /wordpress/index.php/2018/10/11/post-93/ https://blog.mikuta0407.net/posts/2018/20181011-javaapplet-with-cli/
Redirect 301 /wordpress/index.php/2018/10/17/post-12/ https://blog.mikuta0407.net/posts/2018/20181017-cannotuse-ios_android-for-documentmachine/
Redirect 301 /wordpress/index.php/2018/10/17/post-15/ https://blog.mikuta0407.net/posts/2018/20181017-memo/
Redirect 301 /wordpress/index.php/2018/10/18/post-91/ https://blog.mikuta0407.net/posts/2018/20181018-netbeans-with-macos/
Redirect 301 /wordpress/index.php/2018/10/22/post-89/ https://blog.mikuta0407.net/posts/2018/20181022-use443-apache2-and-sevpn/
Redirect 301 /wordpress/index.php/2018/11/08/post-87/ https://blog.mikuta0407.net/posts/2018/20181108-reverse-port-forward-for-non-vpn-rdp/
Redirect 301 /wordpress/index.php/2018/11/19/post-20/ https://blog.mikuta0407.net/posts/2018/20181119-iphone-is-not-inconvenience/
Redirect 301 /wordpress/index.php/2019/03/18/post-85/ https://blog.mikuta0407.net/posts/2019/20190318-xrdp-with-ubuntu1804-workaround/
Redirect 301 /wordpress/index.php/2019/04/09/post-83/ https://blog.mikuta0407.net/posts/2019/20190409-linux-installation-with-ntldr-wbm/
Redirect 301 /wordpress/index.php/2019/09/05/post-81/ https://blog.mikuta0407.net/posts/2019/20190905-windows7-with-ryzen3thgen-and-rtx2000-series/
Redirect 301 /wordpress/index.php/2019/12/04/post-77/ https://blog.mikuta0407.net/posts/2019/20191204-c-dev-env-for-msdos/
Redirect 301 /wordpress/index.php/2019/12/10/post-26/ https://blog.mikuta0407.net/posts/2019/20191210-recommendations-for-thin-client/
Redirect 301 /wordpress/index.php/2019/12/14/post-79/ https://blog.mikuta0407.net/posts/2019/20191214-win95-on-virtualbox-with-modern-pc/
Redirect 301 /wordpress/index.php/2020/02/13/post-75/ https://blog.mikuta0407.net/posts/2020/20200213-wakeonlan-from-browser/
Redirect 301 /wordpress/index.php/2020/02/25/post-67/ https://blog.mikuta0407.net/posts/2020/20200225-imas-mr-encore-amimami/
Redirect 301 /wordpress/index.php/2020/03/26/post-95/ https://blog.mikuta0407.net/posts/2020/20200326-x230-back-to-windows-from-linux/
Redirect 301 /wordpress/index.php/2020/12/02/post-106/ https://blog.mikuta0407.net/posts/2020/20201202-music-on-2dd-fd/
Redirect 301 /wordpress/index.php/2020/12/09/post-128/ https://blog.mikuta0407.net/posts/2020/20201209-2-click-tcu-attend-system/
Redirect 301 /wordpress/index.php/2021/03/06/subsonic-with-gdrive/ https://blog.mikuta0407.net/posts/2021/20210306-subsonic-with-googledrive/
Redirect 301 /wordpress/index.php/2021/03/12/yoga-slim-750i-carbon-1/ https://blog.mikuta0407.net/posts/2021/20210312-yoga-slim-750i-carbon-1/
Redirect 301 /wordpress/index.php/2021/03/12/yoga-slim-750i-carbon-2/ https://blog.mikuta0407.net/posts/2021/20210312-yoga-slim-750i-carbon-2/
Redirect 301 /wordpress/index.php/2021/07/15/install_win11ip_to_bios/ https://blog.mikuta0407.net/posts/2021/20210715-install-win11-to-bios-with-dism-command/
Redirect 301 /wordpress/index.php/2021/07/29/yoga-slim-750i-carbon-3/ https://blog.mikuta0407.net/posts/2021/20210729-yoga-slim-750i-carbon-3/
Redirect 301 /wordpress/index.php/2021/12/03/tcu-yc-summary-in-md-and-pandoc/ https://blog.mikuta0407.net/posts/2021/20211203-tcu-yc-summary-in-md-and-pandoc/
Redirect 301 /wordpress/index.php/2021/12/07/making-wii-sensorbar-for-notepc/ https://blog.mikuta0407.net/posts/2021/20211207-making-wii-sensorbar-for-notepc/
Redirect 301 /wordpress/index.php/2021/12/31/tcuac2021-summary/ https://blog.mikuta0407.net/posts/2021/20211231-tcuac2021-summary/
Redirect 301 /wordpress/index.php/2022/12/16/misskey-cli/ https://blog.mikuta0407.net/posts/2022/20221216-misskey-cli/
Redirect 301 /wordpress/index.php/2023/07/02/2023_765ml_mr/ https://blog.mikuta0407.net/posts/2023/20230702-765ml-mr-dg/
Redirect 301 /wordpress/index.php/2023/08/07/making-of-x-bot-for-kuchiwohiraku/ https://blog.mikuta0407.net/posts/2023/20230807-making-of-x-bot-for-kuchiwohiraku/
Redirect 301 /wordpress/index.php/2024/02/27/act-4_additional/ https://blog.mikuta0407.net/posts/2024/20240227-ml-10th-act4-additional/
Redirect 301 /wordpress/index.php/2024/02/27/ml-10th-act4-days2-impression/ https://blog.mikuta0407.net/posts/2024/20240227-ml-10th-act4-days2/
Redirect 301 /wordpress/index.php/2024/03/18/halfmoon_01/ https://blog.mikuta0407.net/posts/2024/20240318-imas-halfmoon/
Redirect 301 /wordpress/index.php/2024/03/18/halfmoon_trip_memory/ https://blog.mikuta0407.net/posts/2024/20240318-halfmoon_trip_memory/
Redirect 301 /wordpress/index.php/2024/04/07/win11_tiny11_services_diff/ https://blog.mikuta0407.net/posts/2024/20240407-win11-tiny11-services-diff/
Redirect 301 /wordpress/index.php/2024/05/06/ky-42c_android_app/ https://blog.mikuta0407.net/posts/2024/20240506-ky-42c_android_app/
Redirect 301 /wordpress/index.php/2024/06/27/aurora-tottori_trip_memory_day1/ https://blog.mikuta0407.net/posts/2024/20240627-aurora-tottori_trip_memory_day1/
Redirect 301 /wordpress/index.php/2024/06/27/aurora-tottori_trip_memory_day2/ https://blog.mikuta0407.net/posts/2024/20240627-aurora-tottori_trip_memory_day2/
Redirect 301 /wordpress/index.php/2024/06/27/aurora_tottori_tweet_and_etc/ https://blog.mikuta0407.net/posts/2024/20240627-aurora-tottori_tweet_and_etc/
